Google,Reachable,200,1288 ms
GitHub,Reachable,200,307 ms
ChatGPT,Unreachable,403,274 ms
Google,Reachable,200,388 ms
GitHub,Reachable,200,175 ms
ChatGPT,Unreachable,403,182 ms
Google,Reachable,200,392 ms
GitHub,Reachable,200,205 ms
ChatGPT,Unreachable,403,182 ms
Google,Reachable,200,301 ms
GitHub,Reachable,200,228 ms
ChatGPT,Unreachable,403,152 ms
Google,Reachable,200,396 ms
GitHub,Reachable,200,241 ms
ChatGPT,Unreachable,403,274 ms
Google,Reachable,200,306 ms
GitHub,Reachable,200,247 ms
ChatGPT,Unreachable,403,129 ms
Google,Reachable,200,1121 ms
GitHub,Reachable,200,300 ms
ChatGPT,Unreachable,403,284 ms
Google,Reachable,200,448 ms
GitHub,Reachable,200,202 ms
ChatGPT,Unreachable,403,187 ms
Google,Reachable,200,486 ms
GitHub,Reachable,200,249 ms
ChatGPT,Unreachable,403,203 ms
Google,Reachable,200,285 ms
GitHub,Reachable,200,259 ms
ChatGPT,Unreachable,403,254 ms
Google,Reachable,200,413 ms
GitHub,Reachable,200,225 ms
ChatGPT,Unreachable,403,203 ms
Google,Reachable,200,506 ms
GitHub,Reachable,200,203 ms
ChatGPT,Unreachable,403,219 ms
Google,Reachable,200,479 ms
GitHub,Reachable,200,253 ms
ChatGPT,Unreachable,403,244 ms
Google,Reachable,200,410 ms
GitHub,Reachable,200,198 ms
ChatGPT,Unreachable,403,210 ms
Google,Reachable,200,454 ms
GitHub,Reachable,200,212 ms
ChatGPT,Unreachable,403,239 ms
Google,Reachable,200,288 ms
GitHub,Reachable,200,236 ms
ChatGPT,Unreachable,403,230 ms
Google,Reachable,200,519 ms
GitHub,Reachable,200,208 ms
ChatGPT,Unreachable,403,200 ms
Google,Reachable,200,578 ms
GitHub,Reachable,200,217 ms
ChatGPT,Unreachable,403,178 ms
Google,Reachable,200,427 ms
GitHub,Reachable,200,343 ms
ChatGPT,Unreachable,403,281 ms
Google,Reachable,200,548 ms
GitHub,Reachable,200,293 ms
ChatGPT,Unreachable,403,217 ms
Google,Reachable,200,484 ms
GitHub,Reachable,200,205 ms
ChatGPT,Unreachable,403,217 ms
Google,Reachable,200,255 ms
GitHub,Reachable,200,201 ms
ChatGPT,Unreachable,403,206 ms
Google,Reachable,200,399 ms
GitHub,Reachable,200,187 ms
ChatGPT,Unreachable,403,211 ms
Google,Reachable,200,502 ms
GitHub,Reachable,200,185 ms
ChatGPT,Unreachable,403,189 ms
Google,Reachable,200,461 ms
GitHub,Reachable,200,221 ms
ChatGPT,Unreachable,403,168 ms
Google,Reachable,200,482 ms
GitHub,Reachable,200,293 ms
ChatGPT,Unreachable,403,211 ms
Google,Reachable,200,237 ms
GitHub,Reachable,200,300 ms
ChatGPT,Unreachable,403,172 ms
Google,Reachable,200,308 ms
GitHub,Reachable,200,210 ms
ChatGPT,Unreachable,403,153 ms
Google,Reachable,200,514 ms
GitHub,Reachable,200,223 ms
ChatGPT,Unreachable,403,186 ms
Google,Reachable,200,497 ms
GitHub,Reachable,200,229 ms
ChatGPT,Unreachable,403,124 ms
Google,Reachable,200,458 ms
GitHub,Reachable,200,353 ms
ChatGPT,Unreachable,403,151 ms
Google,Reachable,200,240 ms
GitHub,Reachable,200,247 ms
ChatGPT,Unreachable,403,152 ms
Google,Reachable,200,409 ms
GitHub,Reachable,200,217 ms
ChatGPT,Unreachable,403,144 ms
Google,Reachable,200,286 ms
GitHub,Reachable,200,179 ms
ChatGPT,Unreachable,403,166 ms
Google,Reachable,200,378 ms
GitHub,Reachable,200,222 ms
ChatGPT,Unreachable,403,184 ms
Google,Reachable,200,490 ms
GitHub,Reachable,200,184 ms
ChatGPT,Unreachable,403,371 ms
Google,Reachable,200,404 ms
GitHub,Reachable,200,259 ms
ChatGPT,Unreachable,403,159 ms
Google,Reachable,200,444 ms
GitHub,Reachable,200,235 ms
ChatGPT,Unreachable,403,138 ms
Google,Reachable,200,387 ms
GitHub,Reachable,200,221 ms
ChatGPT,Unreachable,403,185 ms
Google,Reachable,200,422 ms
GitHub,Reachable,200,237 ms
ChatGPT,Unreachable,403,182 ms
Google,Reachable,200,421 ms
GitHub,Reachable,200,232 ms
ChatGPT,Unreachable,403,132 ms
Google,Reachable,200,429 ms
GitHub,Reachable,200,219 ms
ChatGPT,Unreachable,403,186 ms
Google,Reachable,200,503 ms
GitHub,Reachable,200,238 ms
ChatGPT,Unreachable,403,135 ms
Google,Reachable,200,448 ms
GitHub,Reachable,200,238 ms
ChatGPT,Unreachable,403,207 ms
Google,Reachable,200,1035 ms
GitHub,Reachable,200,263 ms
ChatGPT,Unreachable,403,285 ms
Google,Reachable,200,230 ms
GitHub,Reachable,200,198 ms
ChatGPT,Unreachable,403,131 ms
Google,Reachable,200,278 ms
GitHub,Reachable,200,264 ms
ChatGPT,Unreachable,403,144 ms
Google,Reachable,200,399 ms
GitHub,Reachable,200,184 ms
ChatGPT,Unreachable,403,168 ms
Google,Reachable,200,445 ms
GitHub,Reachable,200,207 ms
ChatGPT,Unreachable,403,171 ms
Google,Reachable,200,644 ms
GitHub,Reachable,200,295 ms
ChatGPT,Unreachable,403,290 ms
Google,Reachable,200,258 ms
GitHub,Reachable,200,214 ms
ChatGPT,Unreachable,403,190 ms
Google,Reachable,200,519 ms
GitHub,Reachable,200,218 ms
ChatGPT,Unreachable,403,266 ms
Google,Reachable,200,255 ms
GitHub,Reachable,200,213 ms
ChatGPT,Unreachable,403,155 ms
Google,Reachable,200,266 ms
GitHub,Reachable,200,256 ms
ChatGPT,Unreachable,403,131 ms
Google,Reachable,200,314 ms
GitHub,Reachable,200,246 ms
ChatGPT,Unreachable,403,194 ms
Google,Reachable,200,982 ms
GitHub,Reachable,200,314 ms
ChatGPT,Unreachable,403,199 ms
Google,Reachable,200,492 ms
GitHub,Reachable,200,205 ms
ChatGPT,Unreachable,403,215 ms
Google,Reachable,200,405 ms
GitHub,Reachable,200,254 ms
ChatGPT,Unreachable,403,218 ms
Google,Reachable,200,324 ms
GitHub,Reachable,200,444 ms
ChatGPT,Unreachable,403,126 ms
Google,Reachable,200,553 ms
GitHub,Reachable,200,231 ms
ChatGPT,Unreachable,403,353 ms
Google,Reachable,200,487 ms
GitHub,Reachable,200,344 ms
ChatGPT,Unreachable,403,190 ms
Google,Reachable,200,247 ms
GitHub,Reachable,200,207 ms
ChatGPT,Unreachable,403,269 ms
Google,Reachable,200,390 ms
GitHub,Reachable,200,207 ms
ChatGPT,Unreachable,403,202 ms
Google,Reachable,200,526 ms
GitHub,Reachable,200,413 ms
ChatGPT,Unreachable,403,131 ms
Google,Reachable,200,388 ms
GitHub,Reachable,200,203 ms
ChatGPT,Unreachable,403,132 ms
Google,Reachable,200,440 ms
GitHub,Reachable,200,243 ms
ChatGPT,Unreachable,403,233 ms
Google,Reachable,200,581 ms
GitHub,Reachable,200,260 ms
ChatGPT,Unreachable,403,192 ms
Google,Reachable,200,466 ms
GitHub,Reachable,200,257 ms
ChatGPT,Unreachable,403,289 ms
Google,Reachable,200,400 ms
GitHub,Reachable,200,217 ms
ChatGPT,Unreachable,403,180 ms
Google,Reachable,200,397 ms
GitHub,Reachable,200,209 ms
ChatGPT,Unreachable,403,152 ms
Google,Reachable,200,646 ms
GitHub,Reachable,200,371 ms
ChatGPT,Unreachable,403,164 ms
Google,Reachable,200,262 ms
GitHub,Reachable,200,222 ms
ChatGPT,Unreachable,403,177 ms
Google,Reachable,200,484 ms
GitHub,Reachable,200,254 ms
ChatGPT,Unreachable,403,121 ms
Google,Reachable,200,283 ms
GitHub,Reachable,200,227 ms
ChatGPT,Unreachable,403,191 ms
Google,Reachable,200,508 ms
GitHub,Reachable,200,262 ms
ChatGPT,Unreachable,403,207 ms
Google,Reachable,200,431 ms
GitHub,Reachable,200,235 ms
ChatGPT,Unreachable,403,147 ms
Google,Reachable,200,435 ms
GitHub,Reachable,200,158 ms
ChatGPT,Unreachable,403,203 ms
Google,Reachable,200,269 ms
GitHub,Reachable,200,216 ms
ChatGPT,Unreachable,403,178 ms
Google,Reachable,200,386 ms
GitHub,Reachable,200,316 ms
ChatGPT,Unreachable,403,181 ms
Google,Reachable,200,404 ms
GitHub,Reachable,200,251 ms
ChatGPT,Unreachable,403,209 ms
Google,Reachable,200,404 ms
GitHub,Reachable,200,361 ms
ChatGPT,Unreachable,403,214 ms
Google,Reachable,200,439 ms
GitHub,Reachable,200,419 ms
ChatGPT,Unreachable,403,152 ms
Google,Reachable,200,240 ms
GitHub,Reachable,200,207 ms
ChatGPT,Unreachable,403,143 ms
Google,Reachable,200,521 ms
GitHub,Reachable,200,192 ms
ChatGPT,Unreachable,403,117 ms
Google,Reachable,200,241 ms
GitHub,Reachable,200,222 ms
ChatGPT,Unreachable,403,128 ms
Google,Reachable,200,537 ms
GitHub,Reachable,200,223 ms
ChatGPT,Unreachable,403,202 ms
Google,Reachable,200,437 ms
GitHub,Reachable,200,174 ms
ChatGPT,Unreachable,403,187 ms
Google,Reachable,200,420 ms
GitHub,Reachable,200,195 ms
ChatGPT,Unreachable,403,161 ms
Google,Reachable,200,243 ms
GitHub,Reachable,200,180 ms
ChatGPT,Unreachable,403,172 ms
Google,Reachable,200,407 ms
GitHub,Reachable,200,297 ms
ChatGPT,Unreachable,403,322 ms
Google,Reachable,200,582 ms
GitHub,Reachable,200,209 ms
ChatGPT,Unreachable,403,145 ms
Google,Reachable,200,248 ms
GitHub,Reachable,200,194 ms
ChatGPT,Unreachable,403,175 ms
Google,Reachable,200,258 ms
GitHub,Reachable,200,214 ms
ChatGPT,Unreachable,403,142 ms
Google,Reachable,200,433 ms
GitHub,Reachable,200,226 ms
ChatGPT,Unreachable,403,172 ms
Google,Reachable,200,464 ms
GitHub,Reachable,200,203 ms
ChatGPT,Unreachable,403,246 ms
Google,Reachable,200,480 ms
GitHub,Reachable,200,177 ms
ChatGPT,Unreachable,403,240 ms
Google,Reachable,200,430 ms
GitHub,Reachable,200,243 ms
ChatGPT,Unreachable,403,192 ms
Google,Reachable,200,981 ms
GitHub,Reachable,200,489 ms
ChatGPT,Unreachable,403,216 ms
Google,Reachable,200,284 ms
GitHub,Reachable,200,175 ms
ChatGPT,Unreachable,403,240 ms
Google,Reachable,200,427 ms
GitHub,Reachable,200,231 ms
ChatGPT,Unreachable,403,211 ms
Google,Reachable,200,523 ms
GitHub,Reachable,200,210 ms
ChatGPT,Unreachable,403,289 ms
Google,Reachable,200,460 ms
GitHub,Reachable,200,209 ms
ChatGPT,Unreachable,403,226 ms
Google,Reachable,200,411 ms
GitHub,Reachable,200,250 ms
ChatGPT,Unreachable,403,180 ms
Google,Reachable,200,417 ms
GitHub,Reachable,200,183 ms
ChatGPT,Unreachable,403,232 ms
Google,Reachable,200,252 ms
GitHub,Reachable,200,197 ms
ChatGPT,Unreachable,403,302 ms
Google,Reachable,200,530 ms
GitHub,Reachable,200,290 ms
ChatGPT,Unreachable,403,193 ms
Google,Reachable,200,440 ms
GitHub,Reachable,200,287 ms
ChatGPT,Unreachable,403,293 ms
Google,Reachable,200,540 ms
GitHub,Reachable,200,193 ms
ChatGPT,Unreachable,403,235 ms
Google,Reachable,200,485 ms
GitHub,Reachable,200,205 ms
ChatGPT,Unreachable,403,242 ms
Google,Reachable,200,388 ms
GitHub,Reachable,200,186 ms
ChatGPT,Unreachable,403,206 ms
Google,Reachable,200,475 ms
GitHub,Reachable,200,201 ms
ChatGPT,Unreachable,403,233 ms
Google,Reachable,200,412 ms
GitHub,Reachable,200,252 ms
ChatGPT,Unreachable,403,187 ms
Google,Reachable,200,496 ms
GitHub,Reachable,200,180 ms
ChatGPT,Unreachable,403,184 ms
Google,Reachable,200,416 ms
Google,Reachable,200,271 ms
GitHub,Reachable,200,247 ms
GitHub,Reachable,200,258 ms
ChatGPT,Unreachable,403,239 ms
ChatGPT,Unreachable,403,222 ms
Google,Reachable,200,436 ms
GitHub,Reachable,200,205 ms
ChatGPT,Unreachable,403,280 ms
Google,Reachable,200,415 ms
GitHub,Reachable,200,296 ms
ChatGPT,Unreachable,403,191 ms
Google,Reachable,200,447 ms
GitHub,Reachable,200,195 ms
ChatGPT,Unreachable,403,231 ms
Google,Reachable,200,282 ms
GitHub,Reachable,200,292 ms
ChatGPT,Unreachable,403,268 ms
Google,Reachable,200,463 ms
GitHub,Reachable,200,235 ms
ChatGPT,Unreachable,403,280 ms
Google,Reachable,200,424 ms
GitHub,Reachable,200,343 ms
ChatGPT,Unreachable,403,338 ms
Google,Reachable,200,416 ms
GitHub,Reachable,200,211 ms
ChatGPT,Unreachable,403,215 ms
Google,Reachable,200,282 ms
GitHub,Reachable,200,206 ms
ChatGPT,Unreachable,403,170 ms
Google,Reachable,200,252 ms
GitHub,Reachable,200,200 ms
ChatGPT,Unreachable,403,217 ms
Google,Reachable,200,492 ms
GitHub,Reachable,200,214 ms
ChatGPT,Unreachable,403,203 ms
Google,Reachable,200,537 ms
GitHub,Reachable,200,211 ms
ChatGPT,Unreachable,403,257 ms
Google,Reachable,200,251 ms
GitHub,Reachable,200,171 ms
ChatGPT,Unreachable,403,206 ms
Google,Reachable,200,554 ms
GitHub,Reachable,200,249 ms
ChatGPT,Unreachable,403,168 ms
Google,Reachable,200,438 ms
GitHub,Reachable,200,296 ms
ChatGPT,Unreachable,403,215 ms
Google,Reachable,200,462 ms
GitHub,Reachable,200,410 ms
Google,Reachable,200,569 ms
ChatGPT,Unreachable,403,327 ms
GitHub,Reachable,200,313 ms
ChatGPT,Unreachable,403,193 ms
Google,Reachable,200,433 ms
GitHub,Reachable,200,230 ms
ChatGPT,Unreachable,403,203 ms
Google,Reachable,200,236 ms
GitHub,Reachable,200,245 ms
ChatGPT,Unreachable,403,309 ms
Google,Reachable,200,457 ms
GitHub,Reachable,200,240 ms
ChatGPT,Unreachable,403,203 ms
Google,Reachable,200,446 ms
GitHub,Reachable,200,237 ms
ChatGPT,Unreachable,403,344 ms
Google,Reachable,200,239 ms
GitHub,Reachable,200,189 ms
ChatGPT,Unreachable,403,285 ms
Google,Reachable,200,1120 ms
Google,Reachable,200,237 ms
GitHub,Reachable,200,205 ms
GitHub,Reachable,200,180 ms
ChatGPT,Unreachable,403,229 ms
ChatGPT,Unreachable,403,242 ms
Google,Reachable,200,277 ms
GitHub,Reachable,200,240 ms
ChatGPT,Unreachable,403,232 ms
Google,Reachable,200,661 ms
GitHub,Reachable,200,328 ms
ChatGPT,Unreachable,403,209 ms
Google,Reachable,200,287 ms
GitHub,Reachable,200,170 ms
ChatGPT,Unreachable,403,214 ms
Google,Reachable,200,578 ms
GitHub,Reachable,200,307 ms
ChatGPT,Unreachable,403,199 ms
Google,Reachable,200,421 ms
GitHub,Reachable,200,187 ms
ChatGPT,Unreachable,403,415 ms
Google,Reachable,200,434 ms
GitHub,Reachable,200,311 ms
ChatGPT,Unreachable,403,318 ms
Google,Reachable,200,572 ms
GitHub,Reachable,200,213 ms
ChatGPT,Unreachable,403,226 ms
Google,Reachable,200,424 ms
GitHub,Reachable,200,272 ms
ChatGPT,Unreachable,403,208 ms
Google,Reachable,200,600 ms
GitHub,Reachable,200,233 ms
Google,Reachable,200,407 ms
ChatGPT,Unreachable,403,322 ms
GitHub,Reachable,200,409 ms
ChatGPT,Unreachable,403,448 ms
Google,Reachable,200,412 ms
GitHub,Reachable,200,210 ms
ChatGPT,Unreachable,403,230 ms
Google,Reachable,200,430 ms
GitHub,Reachable,200,240 ms
ChatGPT,Unreachable,403,204 ms
Google,Reachable,200,506 ms
GitHub,Reachable,200,208 ms
ChatGPT,Unreachable,403,451 ms
Google,Reachable,200,377 ms
GitHub,Reachable,200,261 ms
ChatGPT,Unreachable,403,235 ms
Google,Reachable,200,439 ms
GitHub,Reachable,200,231 ms
ChatGPT,Unreachable,403,245 ms
Google,Reachable,200,513 ms
GitHub,Reachable,200,268 ms
ChatGPT,Unreachable,403,322 ms
Google,Reachable,200,366 ms
GitHub,Reachable,200,270 ms
ChatGPT,Unreachable,403,217 ms
Google,Reachable,200,243 ms
GitHub,Reachable,200,215 ms
ChatGPT,Unreachable,403,234 ms
Google,Reachable,200,423 ms
GitHub,Reachable,200,209 ms
ChatGPT,Unreachable,403,231 ms
Google,Reachable,200,485 ms
GitHub,Reachable,200,271 ms
ChatGPT,Unreachable,403,260 ms
Google,Reachable,200,472 ms
GitHub,Reachable,200,189 ms
ChatGPT,Unreachable,403,303 ms
Google,Reachable,200,466 ms
GitHub,Reachable,200,169 ms
ChatGPT,Unreachable,403,263 ms
Google,Reachable,200,418 ms
GitHub,Reachable,200,222 ms
ChatGPT,Unreachable,403,227 ms
Google,Reachable,200,449 ms
GitHub,Reachable,200,256 ms
ChatGPT,Unreachable,403,239 ms
Google,Reachable,200,715 ms
GitHub,Reachable,200,231 ms
ChatGPT,Unreachable,403,294 ms
Google,Reachable,200,273 ms
GitHub,Reachable,200,236 ms
ChatGPT,Unreachable,403,228 ms
Google,Reachable,200,482 ms
GitHub,Reachable,200,293 ms
ChatGPT,Unreachable,403,235 ms
Google,Reachable,200,236 ms
GitHub,Reachable,200,203 ms
ChatGPT,Unreachable,403,218 ms
Google,Reachable,200,483 ms
Google,Reachable,200,414 ms
GitHub,Reachable,200,194 ms
ChatGPT,Unreachable,403,274 ms
Google,Reachable,200,1179 ms
GitHub,Reachable,200,254 ms
ChatGPT,Unreachable,403,257 ms
Google,Reachable,200,532 ms
GitHub,Reachable,200,264 ms
ChatGPT,Unreachable,403,229 ms
Google,Reachable,200,438 ms
GitHub,Reachable,200,255 ms
ChatGPT,Unreachable,403,195 ms
Google,Reachable,200,408 ms
GitHub,Reachable,200,358 ms
ChatGPT,Unreachable,403,207 ms
Google,Reachable,200,578 ms
GitHub,Reachable,200,258 ms
ChatGPT,Unreachable,403,282 ms
Google,Reachable,200,575 ms
GitHub,Reachable,200,276 ms
ChatGPT,Unreachable,403,270 ms
Google,Reachable,200,242 ms
GitHub,Reachable,200,224 ms
ChatGPT,Unreachable,403,256 ms
Google,Reachable,200,470 ms
GitHub,Reachable,200,252 ms
ChatGPT,Unreachable,403,227 ms
Google,Reachable,200,558 ms
GitHub,Reachable,200,224 ms
ChatGPT,Unreachable,403,204 ms
Google,Reachable,200,1452 ms
GitHub,Reachable,200,326 ms
ChatGPT,Unreachable,403,296 ms
Google,Reachable,200,425 ms
GitHub,Reachable,200,357 ms
ChatGPT,Unreachable,403,299 ms
Google,Reachable,200,959 ms
GitHub,Reachable,200,296 ms
ChatGPT,Unreachable,403,367 ms
